row_index	label	prediction
2	1	1
18	1	1
34	1	0
50	1	1
66	1	1
82	1	1
98	1	1
114	1	1
130	1	1
146	1	1
162	1	0
178	1	1
194	1	1
210	1	1
226	1	1
242	1	1
258	1	0
274	1	1
290	1	1
306	1	1
322	1	1
338	1	0
354	1	1
370	1	1
386	1	1
402	1	1
418	1	1
434	1	1
450	1	1
466	1	1
482	1	1
498	1	1
514	1	1
530	1	1
546	1	1
562	0	1
578	0	1
594	0	1
610	0	1
626	0	1
642	0	1
658	0	1
674	0	1
690	0	1
706	0	1
722	0	0
738	0	1
754	0	1
770	0	1
786	0	1
802	0	1
818	0	1
834	0	1
850	0	0
866	0	1
882	0	1
898	0	1
914	0	0
930	0	1
946	0	0
962	0	1
978	0	1
994	0	1
1010	0	1
1026	0	1
1042	0	1
1058	0	1
1074	0	1
1090	0	1
1106	1	1
1122	1	1
1138	1	1
1154	1	1
1170	1	1
1186	1	1
1202	1	1
1218	1	1
1234	1	1
1250	1	1
1266	1	1
1282	1	1
1298	1	1
1314	1	1
1330	1	1
1346	1	1
1362	1	1
1378	1	1
1394	1	1
1410	1	1
1426	1	1
1442	1	1
1458	1	1
1474	1	1
1490	1	1
1506	1	1
1522	1	1
1538	1	1
1554	1	0
1570	1	1
1586	1	1
1602	1	1
1618	1	1
1634	1	1
1650	1	1
1666	1	1
1682	1	1
1698	1	1
1714	1	0
1730	1	1
1746	1	1
1762	1	1
1778	1	1
1794	1	1
1810	1	1
1826	1	1
1842	1	1
1858	1	1
1874	1	1
1890	1	1
1906	1	1
1922	1	0
1938	1	1
1954	1	1
1970	1	1
1986	1	1
2002	1	1
2018	1	1
2034	1	1
2050	1	1
2066	1	1
2082	1	1
2098	1	1
2114	1	1
2130	1	1
2146	1	1
2162	1	1
2178	1	1
2194	1	1
2210	1	1
2226	1	1
2242	1	0
2258	1	1
2274	1	1
2290	1	1
2306	1	1
2322	1	1
2338	1	0
2354	1	1
2370	1	1
2386	1	1
2402	1	1
2418	1	1
2434	1	1
2450	1	0
2466	1	1
2482	1	1
2498	1	1
2514	1	1
2530	1	1
2546	1	1
2562	1	0
2578	1	1
2594	1	1
2610	1	1
2626	1	1
2642	1	1
2658	1	1
2674	1	1
2690	1	1
2706	1	1
2722	1	1
2738	1	1
2754	1	0
2770	1	1
2786	1	1
2802	1	1
2818	1	1
2834	1	0
2850	1	1
2866	1	1
2882	1	1
2898	1	1
2914	1	0
2930	1	1
2946	1	1
2962	1	1
2978	1	1
2994	1	1
3010	1	1
3026	1	1
3042	1	0
3058	1	1
3074	1	1
3090	1	1
3106	1	1
3122	1	1
3138	1	1
3154	1	1
3170	1	1
3186	1	1
3202	1	1
3218	1	0
3234	1	1
3250	1	1
3266	1	1
3282	1	1
3298	1	1
3314	1	1
3330	1	0
3346	1	1
3362	1	1
3378	1	1
3394	1	1
3410	1	1
3426	1	1
3442	1	1
3458	1	1
3474	1	1
3490	1	1
3506	1	1
3522	1	1
3538	1	1
3554	1	1
3570	1	1
3586	1	1
3602	1	1
3618	1	1
3634	1	0
3650	1	1
3666	1	1
3682	1	1
3698	1	1
3714	1	1
3730	1	0
3746	1	1
3762	1	1
3778	1	1
3794	1	1
3810	1	1
3826	1	1
3842	1	1
3858	1	1
3874	1	1
3890	1	1
3906	1	1
3922	1	1
3938	1	1
3954	1	0
3970	1	1
3986	1	0
4002	1	1
4018	1	1
4034	1	0
4050	1	1
4066	1	1
4082	1	1
4098	1	1
4114	1	1
4130	1	1
4146	1	1
4162	1	1
4178	1	1
4194	1	1
4210	1	1
4226	1	1
4242	1	1
4258	1	1
4274	1	0
4290	1	1
4306	1	1
4322	1	1
4338	1	1
4354	1	1
4370	1	0
4386	1	1
4402	1	1
4418	1	1
4434	1	1
4450	1	1
4466	1	1
4482	1	1
4498	1	1
4514	1	1
4530	1	1
4546	1	0
4562	1	0
4578	1	1
4594	1	1
4610	1	1
4626	1	1
4642	1	1
4658	1	1
4674	1	1
4690	1	0
4706	1	1
4722	1	1
4738	1	1
4754	1	1
4770	1	1
4786	1	1
4802	1	1
4818	1	1
4834	1	1
4850	1	1
4866	1	1
4882	1	1
4898	1	1
4914	1	1
4930	1	1
4946	1	1
4962	1	1
4978	1	0
4994	1	1
5010	1	1
5026	1	1
5042	1	1
5058	1	1
5074	1	1
5090	1	1
5106	1	1
5122	1	1
5138	1	1
5154	1	1
5170	1	1
5186	1	0
5202	1	1
5218	1	1
5234	1	1
5250	1	1
5266	1	1
5282	1	1
5298	1	1
5314	1	1
5330	1	1
5346	1	0
5362	1	1
5378	1	1
5394	1	1
5410	1	1
5426	1	1
5442	1	1
5458	1	0
5474	1	1
5490	1	1
5506	1	1
5522	1	1
5538	1	1
5554	1	1
5570	1	1
5586	1	1
5602	1	1
5618	1	1
5634	1	1
5650	1	1
5666	1	1
5682	1	1
5698	1	0
5714	1	1
5730	1	1
5746	1	1
5762	1	1
5778	1	1
5794	1	1
5810	1	1
5826	1	1
5842	1	1
5858	1	1
5874	1	1
5890	1	1
5906	1	1
5922	1	1
